d,sigma,epsilon,alpha_1,rho,maximizing_m,gamma,status,log_C,log10_h,h_min,h_approx,alpha_max_refinement_difference,log10_h_refinement_difference
3,0.03125,0.1,0.012461877704304182,0.024911612268873957,3,5.327037794569394,finite,7.833716361803704,0.8450980400142567,7,7.000000e+0,3.469446951953614e-18,0.0
4,0.03125,0.1,0.012461877704304182,0.0373583243321383,4,2.992137947533852,finite,3.938062922247401,0.9542425094393249,9,9.000000e+0,3.469446951953614e-18,0.0
5,0.03125,0.1,0.012461877704304182,0.049798985456513956,5,2.163869919441142,finite,2.9053790631155483,1.0791812460476247,12,1.200000e+1,3.469446951953614e-18,0.0
6,0.03125,0.1,0.012461877704304182,0.06223360444313905,6,1.7253602262720404,finite,2.459256327047434,1.2041199826559246,16,1.600000e+1,3.469446951953614e-18,0.0
7,0.03125,0.1,0.012461877704304182,0.0746621900690545,7,1.4481751131153575,finite,2.2192685348403325,1.3617278360175928,23,2.300000e+1,3.469446951953614e-18,0.0
8,0.03125,0.1,0.012461877704304182,0.08708475108730959,8,1.2543608374005826,finite,2.07272103736969,1.5185139398778873,33,3.300000e+1,3.469446951953614e-18,0.0
3,0.03716272234383503,0.1,0.014817259892012184,0.029614119469821242,3,5.077570999316567,finite,7.560219968129857,0.8450980400142567,7,7.000000e+0,5.204170427930421e-18,0.0
4,0.03716272234383503,0.1,0.014817259892012184,0.04440591047324509,4,2.834833299937306,finite,3.8297993161997397,0.9542425094393249,9,9.000000e+0,5.204170427930421e-18,0.0
5,0.03716272234383503,0.1,0.014817259892012184,0.05918755021754423,5,2.0392812225709056,finite,2.8427080532128555,1.1139433523068367,13,1.300000e+1,5.204170427930421e-18,0.0
6,0.03716272234383503,0.1,0.014817259892012184,0.07395905952302839,6,1.6181075196788526,finite,2.4169412571204436,1.2787536009528289,19,1.900000e+1,5.204170427930421e-18,0.0
7,0.03716272234383503,0.1,0.014817259892012184,0.08872045912973547,7,1.3518917033852194,finite,2.188243723143042,1.447158031342219,28,2.800000e+1,5.204170427930421e-18,0.0
8,0.03716272234383503,0.1,0.014817259892012184,0.10347176969792679,8,1.1657560145439338,finite,2.048802274948269,1.6232492903979003,42,4.200000e+1,5.204170427930421e-18,0.0
3,0.04419417382415922,0.1,0.017616600444454178,0.03519894379646463,3,4.828324050754885,finite,7.287200317728211,0.9030899869919434,8,8.000000e+0,1.0408340855860843e-17,0.0
4,0.04419417382415922,0.1,0.017616600444454178,0.05277279750509828,4,2.677704819198676,finite,3.7219753426303175,1.0,10,1.000000e+1,1.0408340855860843e-17,0.0
5,0.04419417382415922,0.1,0.017616600444454178,0.07032963839617871,5,1.9148616950740716,finite,2.7805229412251355,1.1760912590556811,15,1.500000e+1,1.0408340855860843e-17,0.0
6,0.04419417382415922,0.1,0.017616600444454178,0.08786951561489946,6,1.5110258825276632,finite,2.37517664594191,1.3617278360175928,23,2.300000e+1,1.0408340855860843e-17,0.0
7,0.04419417382415922,0.1,0.017616600444454178,0.1053924780401074,7,1.255784635107478,finite,2.157840613150386,1.5440680443502754,35,3.500000e+1,1.0408340855860843e-17,0.0
8,0.04419417382415922,0.1,0.017616600444454178,0.12289857428660733,8,1.0773343589848445,finite,2.025579505448647,1.7481880270062005,56,5.600000e+1,1.0408340855860843e-17,0.0
3,0.052556025953357156,0.1,0.02094274746295282,0.04182800478736054,3,4.579387007284811,finite,7.014852536876077,0.9030899869919434,8,8.000000e+0,6.938893903907228e-18,0.0
4,0.052556025953357156,0.1,0.02094274746295282,0.06269906607640485,4,2.520824457484284,finite,3.6147703096077235,1.041392685158225,11,1.100000e+1,6.938893903907228e-18,0.0
5,0.052556025953357156,0.1,0.02094274746295282,0.0835416556466121,5,1.7906802271740712,finite,2.7190212618594374,1.2304489213782739,17,1.700000e+1,6.938893903907228e-18,0.0
6,0.052556025953357156,0.1,0.02094274746295282,0.10435588914624433,6,1.4041847735261377,finite,2.33418557510831,1.447158031342219,28,2.800000e+1,6.938893903907228e-18,0.0
7,0.052556025953357156,0.1,0.02094274746295282,0.1251418813446442,7,1.15992529706075,finite,2.128310387803678,1.6627578316815739,46,4.600000e+1,6.938893903907228e-18,0.0
8,0.052556025953357156,0.1,0.02094274746295282,0.1458997461428649,8,0.9891698053625991,finite,2.003333078430115,1.8920946026904801,78,7.800000e+1,6.938893903907228e-18,0.0
3,0.0625,0.1,0.024893445688355366,0.04969049619076391,3,4.330886241600119,finite,6.743450267061979,0.9542425094393249,9,9.000000e+0,3.469446951953614e-18,0.0
4,0.0625,0.1,0.024893445688355366,0.07446386435819466,4,2.3642929723537787,finite,3.5084350610781683,1.0791812460476247,12,1.200000e+1,6.938893903907228e-18,0.0
5,0.0625,0.1,0.024893445688355366,0.09918967877585681,5,1.6668330907988917,finite,2.6584787328866413,1.301029995663981,20,2.000000e+1,6.938893903907228e-18,0.0
6,0.0625,0.1,0.024893445688355366,0.12386821042262322,6,1.2976810609510279,finite,2.2942787454215905,1.5440680443502754,35,3.500000e+1,6.938893903907228e-18,0.0
7,0.0625,0.1,0.024893445688355366,0.14849972739899076,7,1.0644130471707611,finite,2.100002146436342,1.7993405494535815,63,6.300000e+1,6.938893903907228e-18,0.0
8,0.0625,0.1,0.024893445688355366,0.1730844949755264,8,0.9013650472536866,finite,1.9824518190804565,2.0681858617461617,117,1.170000e+2,6.938893903907228e-18,0.0
3,0.07432544468767006,0.1,0.029583633060984167,0.05900583665049824,3,4.082998521906145,finite,6.473375946955086,0.9542425094393249,9,9.000000e+0,6.938893903907228e-18,0.0
4,0.07432544468767006,0.1,0.029583633060984167,0.08838866238850984,4,2.2082508962543264,finite,3.4033189742382755,1.1461280356782377,14,1.400000e+1,6.938893903907228e-18,0.0
5,0.07432544468767006,0.1,0.029583633060984167,0.11769228397135369,5,1.5434541779996152,finite,2.599278163568349,1.380211241711606,24,2.400000e+1,6.938893903907228e-18,0.0
6,0.07432544468767006,0.1,0.029583633060984167,0.1469173325768335,6,1.1916490838166764,finite,2.2558862334505947,1.6627578316815739,46,4.600000e+1,6.938893903907228e-18,0.0
7,0.07432544468767006,0.1,0.029583633060984167,0.17606443005452604,7,0.9693852891024024,finite,2.073397696382441,1.9637878273455551,92,9.200000e+1,6.938893903907228e-18,0.0
8,0.07432544468767006,0.1,0.029583633060984167,0.20513418914296802,8,0.8140617045305875,finite,1.96347081417269,2.276461804173244,189,1.890000e+2,6.938893903907228e-18,0.0
3,0.08838834764831845,0.1,0.03514782808274956,0.07002578128580222,3,3.8359700150684533,finite,6.205161517875046,1.0,10,1.000000e+1,6.938893903907228e-18,0.0
4,0.08838834764831845,0.1,0.03514782808274956,0.10483855932842717,4,2.0528931503003993,finite,3.299905683210777,1.2041199826559246,16,1.600000e+1,6.938893903907228e-18,0.0
5,0.08838834764831845,0.1,0.03514782808274956,0.13951992493489862,5,1.4207284629322887,finite,2.5419471403406124,1.4913616938342726,31,3.100000e+1,6.938893903907228e-18,0.0
6,0.08838834764831845,0.1,0.03514782808274956,0.17407133631512803,6,1.0862737055319447,finite,2.219598286853512,1.8129133566428552,65,6.500000e+1,6.938893903907228e-18,0.0
7,0.08838834764831845,0.1,0.03514782808274956,0.2084942218763573,7,0.8750303697995747,finite,2.049155595638363,2.1613680022349744,145,1.450000e+2,6.938893903907228e-18,0.0
8,0.08838834764831845,0.1,0.03514782808274956,0.24278998117540693,8,0.7274531586302181,finite,1.9471185415192724,2.537819095073274,345,3.450000e+2,6.938893903907228e-18,0.0
3,0.10511205190671431,0.1,0.041742407040051784,0.08303472321684012,3,3.5901414251587056,finite,5.93954195631,1.0,10,1.000000e+1,1.3877787807814457e-17,0.0
4,0.10511205190671431,0.1,0.041742407040051784,0.1242198541165585,4,1.8984880178029038,finite,3.198858985175493,1.2787536009528289,19,1.900000e+1,1.3877787807814457e-17,0.0
5,0.10511205190671431,0.1,0.041742407040051784,0.16518810450141344,5,1.2989091477536316,finite,2.4872053894721047,1.6020599913279623,40,4.000000e+1,1.3877787807814457e-17,0.0
6,0.10511205190671431,0.1,0.041742407040051784,0.20594280602242612,6,0.9818066153417998,finite,2.1862154719381297,1.9867717342662448,97,9.700000e+1,1.3877787807814457e-17,0.0
7,0.10511205190671431,0.1,0.041742407040051784,0.2464871969234949,7,0.781603362704753,finite,2.0281640885224683,2.4065401804339546,255,2.550000e+2,1.3877787807814457e-17,0.0
8,0.10511205190671431,0.1,0.041742407040051784,0.2868244260949255,8,0.6417999344905702,finite,1.934372224390994,2.867467487859051,737,7.370000e+2,1.3877787807814457e-17,0.0
3,0.125,0.1,0.04954740454867798,0.09834664869784872,3,3.3459802983219755,finite,5.67752345525441,1.041392685158225,11,1.100000e+1,2.0816681711721685e-17,0.0
4,0.125,0.1,0.04954740454867798,0.14697116951314904,4,1.7454008634148324,finite,3.101079304276254,1.3617278360175928,23,2.300000e+1,2.0816681711721685e-17,0.0
5,0.125,0.1,0.04954740454867798,0.19524033273322974,5,1.1783384896828746,finite,2.4360210676959557,1.7481880270062005,56,5.600000e+1,2.0816681711721685e-17,0.0
6,0.125,0.1,0.04954740454867798,0.2431616375629904,6,0.8785855426243958,finite,2.1568062195834448,2.2068258760318495,161,1.610000e+2,2.0816681711721685e-17,0.0
7,0.125,0.1,0.04954740454867798,0.29074229778343974,7,0.6894440911329902,finite,2.011599663900336,2.717670503002262,522,5.220000e+2,2.0816681711721685e-17,0.0
8,0.125,0.1,0.04954740454867798,0.33798925835601684,8,0.5574466860880039,finite,1.9265167293685603,3.2949069106051923,1972,1.972000e+3,2.0816681711721685e-17,0.0
3,0.14865088937534013,0.1,0.05876721338561608,0.11629646939506585,3,3.1041207956991568,finite,5.420466188966627,1.1139433523068367,13,1.300000e+1,1.3877787807814457e-17,0.0
4,0.14865088937534013,0.1,0.05876721338561608,0.17354433665682495,4,1.5941221371856826,finite,3.0077685665070906,1.447158031342219,28,2.800000e+1,1.3877787807814457e-17,0.0
5,0.14865088937534013,0.1,0.05876721338561608,0.23021558159886957,5,1.0594713063500838,finite,2.3896718727658492,1.9242792860618814,84,8.400000e+1,1.3877787807814457e-17,0.0
6,0.14865088937534013,0.1,0.05876721338561608,0.28632675487085585,6,0.7770549028998198,finite,2.1327655861724644,2.4800069429571505,302,3.020000e+2,1.3877787807814457e-17,0.0
7,0.14865088937534013,0.1,0.05876721338561608,0.3418935631199723,7,0.5989954721813412,finite,2.0009828959060174,3.1205739312058496,1320,1.320000e+3,1.3877787807814457e-17,0.0
8,0.14865088937534013,0.1,0.05876721338561608,0.3969309337667135,8,0.4748384627312016,finite,1.9251964841149334,3.8668188029260477,7359,7.359000e+3,1.3877787807814457e-17,0.0
3,0.1767766952966369,0.1,0.06962918212936872,0.1372226413716628,3,2.8654095528833214,finite,5.170177488480261,1.1461280356782377,14,1.400000e+1,1.3877787807814457e-17,0.0
4,0.1767766952966369,0.1,0.06962918212936872,0.20437031708536585,4,1.4452975515701607,finite,2.9204966415292484,1.57978359661681,38,3.800000e+1,1.3877787807814457e-17,0.0
5,0.1767766952966369,0.1,0.06962918212936872,0.2705942683447909,5,0.9428984070143236,finite,2.34980119689719,2.143014800254095,139,1.390000e+2,1.3877787807814457e-17,0.0
6,0.1767766952966369,0.1,0.06962918212936872,0.3359301046479245,6,0.6777845570257923,finite,2.1158624623563673,2.831229693867063,678,6.780000e+2,1.3877787807814457e-17,0.0
7,0.1767766952966369,0.1,0.06962918212936872,0.400411041029515,7,0.5108183730245833,finite,1.9982158995334707,3.6565772913961134,4535,4.535000e+3,1.3877787807814457e-17,0.0
8,0.1767766952966369,0.1,0.06962918212936872,0.46406813599455005,8,0.39453203586681274,finite,1.9324420368296857,4.661850530901923,45904,4.590400e+4,1.3877787807814457e-17,0.0
3,0.21022410381342863,0.1,0.0823786018154725,0.16143740988728145,3,2.6309531618415454,finite,4.929003991987242,1.2041199826559246,16,1.600000e+1,1.3877787807814457e-17,0.0
4,0.21022410381342863,0.1,0.0823786018154725,0.23980539403893797,4,1.2997556621778508,finite,2.8412552235308546,1.724275869600789,53,5.300000e+1,1.3877787807814457e-17,0.0
5,0.21022410381342863,0.1,0.0823786018154725,0.31671797466967366,5,0.8293646740212415,finite,2.3184516579241015,2.4199557484897576,263,2.630000e+2,1.3877787807814457e-17,0.0
6,0.21022410381342863,0.1,0.0823786018154725,0.3922493534576971,6,0.5814809806775172,finite,2.1082542172972856,3.294466226161593,1970,1.970000e+3,1.3877787807814457e-17,0.0
7,0.21022410381342863,0.1,0.0823786018154725,0.46646727499868745,7,0.4255969756589652,finite,2.0055775226244763,4.396216788290972,24901,2.490100e+4,1.3877787807814457e-17,0.0
8,0.21022410381342863,0.1,0.0823786018154725,0.5394338401268682,8,0.31719611202761133,finite,1.950645108506096,5.823382926439247,665860,6.658600e+5,1.3877787807814457e-17,0.0
3,0.25,0.1,0.09726798481022203,0.18918136063063098,3,2.4021581428403094,finite,4.699900705668736,1.2787536009528289,19,1.900000e+1,2.7755575615628914e-17,0.0
4,0.25,0.1,0.09726798481022203,0.2800549680376418,4,1.1585246167261791,finite,2.7724759762552305,1.9030899869919433,80,8.000000e+1,2.7755575615628914e-17,0.0
5,0.25,0.1,0.09726798481022203,0.3686829458080465,5,0.7197737058771287,finite,2.2980500787630977,2.775974331129369,597,5.970000e+2,2.7755575615628914e-17,0.0
6,0.25,0.1,0.09726798481022203,0.4552139851390675,6,0.48898293466132575,finite,2.1124407407365093,3.921270185509812,8342,8.342000e+3,2.7755575615628914e-17,0.0
7,0.25,0.1,0.09726798481022203,0.5397803810164226,7,0.34412706312444946,finite,2.0256471622908907,5.4623066366920225,289939,2.899390e+5,2.7755575615628914e-17,0.0
8,0.25,0.1,0.09726798481022203,0.6225005909249037,8,0.24359331369790663,finite,1.982453016243106,7.63965307299943,43616727,4.361673e+7,2.7755575615628914e-17,0.0
3,0.29730177875068026,0.1,0.11453805173923022,0.22056126196354287,3,2.1807486678775794,finite,4.486442822351458,1.3617278360175928,23,2.300000e+1,1.3877787807814457e-17,0.0
4,0.29730177875068026,0.1,0.11453805173923022,0.3250780845629332,4,1.0228265939742127,finite,2.7169822370342747,2.1335389083702174,136,1.360000e+2,1.3877787807814457e-17,0.0
5,0.29730177875068026,0.1,0.11453805173923022,0.4262175010889152,5,0.6151691307334355,finite,2.2913139094221355,3.243286146083446,1751,1.751000e+3,1.3877787807814457e-17,0.0
6,0.29730177875068026,0.1,0.11453805173923022,0.5242640282706943,6,0.4012331546478185,finite,2.1311296145175627,4.799050923246179,62958,6.295800e+4,4.163336342344337e-17,0.0
7,0.29730177875068026,0.1,0.11453805173923022,0.6194633182699156,7,0.2672801789096246,finite,2.061132047680267,7.090455751271161,12315605,1.231560e+7,4.163336342344337e-17,0.0
8,0.29730177875068026,0.1,0.11453805173923022,0.7120294976250667,8,0.1745383461536103,finite,2.0305616090362886,10.781938430386223,60525506210,6.052551e+10,4.163336342344337e-17,0.0
3,0.3535533905932738,0.1,0.13438786375791045,0.25547554383781385,3,1.9687429034216335,finite,4.2927381108076705,1.462397997898956,29,2.900000e+1,2.7755575615628914e-17,0.0
4,0.3535533905932738,0.1,0.13438786375791045,0.3744860895231765,4,0.8940375335104369,finite,2.677843796289976,2.4199557484897576,263,2.630000e+2,2.7755575615628914e-17,0.0
5,0.3535533905932738,0.1,0.13438786375791045,0.4885683086228976,5,0.5166839049118876,finite,2.3010559284362273,3.8695837077134234,7406,7.406000e+3,2.7755575615628914e-17,0.0
6,0.3535533905932738,0.1,0.13438786375791045,0.5982387131281918,6,0.3192204029013222,finite,2.166997263682888,6.080798871942616,1204478,1.204478e+6,2.7755575615628914e-17,0.0
7,0.3535533905932738,0.1,0.13438786375791045,0.7039284362659954,7,0.19594068682311813,finite,2.1145916906128437,9.790490856307775,6172922952,6.172923e+9,2.7755575615628914e-17,0.0
8,0.3535533905932738,0.1,0.13438786375791045,0.8060022905225207,8,0.11083178467664212,finite,2.0974097066691004,17.241384928266253,,1.743351e+17,2.7755575615628914e-17,0.0
3,0.42044820762685725,0.1,0.15693275148102495,0.2935403278238936,3,1.7683693743295543,finite,4.123202645544867,1.57978359661681,38,3.800000e+1,0.0,0.0
4,0.42044820762685725,0.1,0.15693275148102495,0.4274617113481318,4,0.7736037248816122,finite,2.658119366752944,2.7853298350107667,610,6.100000e+2,0.0,0.0
5,0.42044820762685725,0.1,0.15693275148102495,0.5544350510657852,5,0.4254548140882313,finite,2.3298870724723657,4.72872703365879,53546,5.354600e+4,0.0,0.0
6,0.42044820762685725,0.1,0.15693275148102495,0.6753453515836471,6,0.24389327723688745,finite,2.222360128393417,8.05745350238068,114144109,1.141441e+8,2.7755575615628914e-17,0.0
7,0.42044820762685725,0.1,0.15693275148102495,0.7909046541379487,7,0.1309203946695311,finite,2.188086768789428,14.896640164686652,,7.882068e+14,2.7755575615628914e-17,0.0
8,0.42044820762685725,0.1,0.15693275148102495,0.9016966677658108,8,0.05317671221118789,finite,2.184814244244382,36.64861344791711,,4.452598e+36,2.7755575615628914e-17,0.0
3,0.5,0.1,0.18215189949360305,0.3340384367219483,3,1.5819139763866803,finite,3.9821887549602097,1.7323937598229684,54,5.400000e+1,1.942890293094024e-16,0.0
4,0.5,0.1,0.18215189949360305,0.48273438431012683,4,0.662916948110448,finite,2.6605038008534714,3.2516382204482115,1785,1.785000e+3,1.942890293094024e-16,0.0
5,0.5,0.1,0.18215189949360305,0.6219974899948922,5,0.3425096681815204,finite,2.3798541581231865,5.9372269275963205,865420,8.654200e+5,1.942890293094024e-16,0.0
6,0.5,0.1,0.18215189949360305,0.7532540446759539,6,0.17605695079267752,finite,2.2988085213713774,11.350644474908218,224204577362,2.242046e+11,1.942890293094024e-16,0.0
7,0.5,0.1,0.18215189949360305,0.8776080155147132,7,0.07286426490617104,finite,2.2828176201103703,27.330476718180545,,2.140310e+27,1.942890293094024e-16,5.3290705182007514e-14
8,0.5,0.1,0.18215189949360305,0.9959352277505101,8,0.002093136670888381,finite,2.2936206868293536,953.6437995813886,,4.403516e+953,1.1379786002407855e-15,1.8496848497306928e-09
3,0.5946035575013605,0.1,0.20983299572599365,0.37591885502009964,3,1.4115068162135527,finite,3.87350066891499,1.9030899869919433,80,8.000000e+1,0.0,0.0
4,0.5946035575013605,0.1,0.20983299572599365,0.538644788029851,4,0.5631640498263125,finite,2.686938640325192,3.847819347295239,7044,7.044000e+3,0.0,0.0
5,0.5946035575013605,0.1,0.20983299572599365,0.6890631630775682,5,0.2686459305201524,finite,2.4520867016767185,7.6864284552142434,48576750,4.857675e+7,1.1102230246251565e-16,0.0
6,0.5946035575013605,0.1,0.20983299572599365,0.8293330385270364,6,0.11627256187972572,finite,2.396887312921662,17.55319484451532,,3.574332e+17,1.1102230246251565e-16,0.0
7,0.5946035575013605,0.1,0.20983299572599365,0.9610608563028101,7,0.0221667844827807,finite,2.3988417436924987,92.11095699653293,,1.291091e+92,1.1102230246251565e-16,0.0
8,0.5946035575013605,0.1,0.20983299572599365,1.0854799145856886,8,-0.0421510761065456,no_guarantee,,,,,1.1102230246251565e-16,
3,0.7071067811865476,0.1,0.23952818016230223,0.4178680240768113,3,1.258880729313413,finite,3.799885002303991,2.107209969647868,128,1.280000e+2,2.7755575615628914e-17,0.0
4,0.7071067811865476,0.1,0.23952818016230223,0.5933101796054596,4,0.47517941829623167,finite,2.738276257880025,4.607143935528615,40471,4.047100e+4,2.7755575615628914e-17,0.0
5,0.7071067811865476,0.1,0.23952818016230223,0.7533264319442579,5,0.20432647243331226,finite,2.5465451819253495,10.306792337532647,20267133935,2.026713e+10,2.7755575615628914e-17,0.0
6,0.7071067811865476,0.1,0.23952818016230223,0.9009888431170101,6,0.06478187410833015,finite,2.5159134172229662,32.302975837761366,,2.008981e+32,2.7755575615628914e-17,0.0
7,0.7071067811865476,0.1,0.23952818016230223,1.0384955761412593,7,-0.021081571002877008,no_guarantee,,,,,2.7755575615628914e-17,
8,0.7071067811865476,0.1,0.23952818016230223,1.1674811810600123,8,-0.07957643445138725,no_guarantee,,,,,2.7755575615628914e-17,
3,0.8408964152537145,0.1,0.2705404150320717,0.4584542978360885,3,1.1251501725643849,finite,3.7626142710436206,2.342422680822206,220,2.200000e+2,0.0,0.0
4,0.8408964152537145,0.1,0.2705404150320717,0.6448661397930489,4,0.3993333439417638,finite,2.8140901251037196,5.564634112256534,366973,3.669730e+5,0.0,0.0
5,0.8408964152537145,0.1,0.2705404150320717,0.8126839856131979,5,0.14961681472439703,finite,2.6619479254239726,14.410608186633612,,2.573998e+14,2.7755575615628914e-17,7.105427357601002e-15
6,0.8408964152537145,0.1,0.2705404150320717,0.9660276745986673,6,0.021475072918374746,finite,2.6539920234790824,100.23780124026337,,1.729025e+100,2.7755575615628914e-17,0.0
7,0.8408964152537145,0.1,0.2705404150320717,1.107736434442458,7,-0.057105145380079,no_guarantee,,,,,2.7755575615628914e-17,
8,0.8408964152537145,0.1,0.2705404150320717,1.2398588325060318,8,-0.11048687344958606,no_guarantee,,,,,2.7755575615628914e-17,
3,1.0,0.1,0.30195774054895574,0.4963187597896158,3,1.0106611084289416,finite,3.7612720092643017,2.6063813651106047,404,4.040000e+2,0.0,0.0
4,1.0,0.1,0.30195774054895574,0.6917259855899413,4,0.33548266314309994,finite,2.9126902956196674,6.751363259635672,5641093,5.641093e+6,0.0,0.0
5,1.0,0.1,0.30195774054895574,0.8655222971689444,5,0.10417855440063588,finite,2.7959076646382393,21.25434820441201,,1.796173e+21,0.0,0.0
6,1.0,0.1,0.30195774054895574,1.0229379950738473,6,-0.014091176852092501,no_guarantee,,,,,8.326672684688674e-17,
7,1.0,0.1,0.30195774054895574,1.1674534544951733,7,-0.08640938962794759,no_guarantee,,,,,8.326672684688674e-17,
8,1.0,0.1,0.30195774054895574,1.3015114817691846,8,-0.13542571196952363,no_guarantee,,,,,8.326672684688674e-17,
3,1.189207115002721,0.1,0.33274161099152544,0.5303632769035046,3,0.9149472102049052,finite,3.7937978724163557,2.893761762057943,783,7.830000e+2,0.0,0.0
4,1.189207115002721,0.1,0.33274161099152544,0.7327861216741095,4,0.2829946540484923,finite,3.0313464018305103,8.185656450200344,153340350,1.533403e+8,0.0,0.0
5,1.189207115002721,0.1,0.33274161099152544,0.910897823784106,5,0.06731943008268762,finite,2.945249852397572,33.85509586048538,,7.163015e+33,1.3877787807814457e-16,2.1316282072803006e-13
6,1.189207115002721,0.1,0.33274161099152544,1.071020321230416,6,-0.04263088673808392,no_guarantee,,,,,1.3877787807814457e-16,
7,1.189207115002721,0.1,0.33274161099152544,1.2172290062919564,7,-0.10971169538909396,no_guarantee,,,,,1.3877787807814457e-16,
8,1.189207115002721,0.1,0.33274161099152544,1.352315107321946,8,-0.15510377915295512,no_guarantee,,,,,1.3877787807814457e-16,
3,1.4142135623730951,0.1,0.36185675717406995,0.5598836664856777,3,0.8368010020374405,finite,3.856780824515128,3.1967287226232863,1573,1.573000e+3,5.551115123125783e-17,0.0
4,1.4142135623730951,0.1,0.36185675717406995,0.7675234245366594,4,0.24083681035313992,finite,3.166663545469486,9.86254759131987,7286980231,7.286980e+9,1.6653345369377348e-16,0.0
5,1.4142135623730951,0.1,0.36185675717406995,0.9485701014809592,5,0.038086849438277906,finite,3.1064361621687695,61.677668756022626,,4.760677e+61,1.6653345369377348e-16,0.0
6,1.4142135623730951,0.1,0.36185675717406995,1.1103470081588993,6,-0.06503673464077307,no_guarantee,,,,,1.6653345369377348e-16,
7,1.4142135623730951,0.1,0.36185675717406995,1.2574454671814157,7,-0.12785324142397408,no_guarantee,,,,,1.6653345369377348e-16,
8,1.4142135623730951,0.1,0.36185675717406995,1.3929446331615778,8,-0.17031616166581554,no_guarantee,,,,,1.6653345369377348e-16,
3,1.681792830507429,0.1,0.3884119825349194,0.5846153525022524,3,0.774440378832626,finite,3.9459254442242955,3.504198918539444,3193,3.193000e+3,0.0,0.0
4,1.681792830507429,0.1,0.3884119825349194,0.7959706849751547,4,0.20771014860322168,finite,3.315020124909878,11.745670416456493,556763064331,5.567631e+11,0.0,0.0
5,1.681792830507429,0.1,0.3884119825349194,0.9789004889283709,5,0.0153829430789307,finite,3.2759947773138522,157.4956392999725,,3.130684e+157,8.326672684688674e-17,2.5011104298755527e-12
6,1.681792830507429,0.1,0.3884119825349194,1.1415916444698468,6,-0.08227932683249055,no_guarantee,,,,,4.107825191113079e-15,
7,1.681792830507429,0.1,0.3884119825349194,1.2890569844816688,7,-0.14171038893745752,no_guarantee,,,,,4.107825191113079e-15,
8,1.681792830507429,0.1,0.3884119825349194,1.4246001809191948,8,-0.1818641008324046,no_guarantee,,,,,4.107825191113079e-15,
3,2.0,0.1,0.4117740261069415,0.6046907893810735,3,0.7257304907870165,finite,4.05658084624746,3.8055008581584002,6390,6.390000e+3,1.1102230246251565e-16,0.0
4,2.0,0.1,0.4117740261069415,0.8185971677536692,4,0.18219637342534523,finite,3.4729707564365597,13.766970155196475,,5.847499e+13,1.1102230246251565e-16,0.0
5,2.0,0.1,0.4117740261069415,1.002668793762246,5,-0.0019225634399108987,no_guarantee,,,,,1.1102230246251565e-16,
6,2.0,0.1,0.4117740261069415,1.1657987982347386,6,-0.09531682744225037,no_guarantee,,,,,1.1102230246251565e-16,
7,2.0,0.1,0.4117740261069415,1.3133276731197827,7,-0.15212093448156994,no_guarantee,,,,,1.942890293094024e-16,
8,2.0,0.1,0.4117740261069415,1.4487260449205175,8,-0.1904941914796514,no_guarantee,,,,,1.942890293094024e-16,
3,2.378414230005442,0.1,0.4316251326653872,0.6205358162446316,3,0.6884136122879301,finite,4.1842214263722415,4.092299476574249,12368,1.236800e+4,5.551115123125783e-17,0.0
4,2.378414230005442,0.1,0.4316251326653872,0.8361444501175115,4,0.16289085371371295,finite,3.637540167147043,15.837375539988441,,6.876628e+15,5.551115123125783e-17,0.0
5,2.378414230005442,0.1,0.4316251326653872,1.0208713025785539,5,-0.014900501259357784,no_guarantee,,,,,2.220446049250313e-16,
6,2.378414230005442,0.1,0.4316251326653872,1.184162472957785,6,-0.10502781717982328,no_guarantee,,,,,2.220446049250313e-16,
7,2.378414230005442,0.1,0.4316251326653872,1.3316033679459507,7,-0.15983381747462003,no_guarantee,,,,,2.220446049250313e-16,
8,2.378414230005442,0.1,0.4316251326653872,1.4667843644432976,8,-0.196860321483192,no_guarantee,,,,,2.220446049250313e-16,
3,2.8284271247461903,0.1,0.44795527966520177,0.6327440823253453,3,0.6603059851468994,finite,4.32479933410353,4.35896222304459,22854,2.285400e+4,5.551115123125783e-17,0.0
4,2.8284271247461903,0.1,0.44795527966520177,0.8494668449532625,4,0.148502223405036,finite,3.806374413791831,17.865640952265668,,7.339069e+17,5.551115123125783e-17,0.0
5,2.8284271247461903,0.1,0.44795527966520177,1.0345494857640622,5,-0.024501327750680438,no_guarantee,,,,,5.551115123125783e-17,
6,2.8284271247461903,0.1,0.44795527966520177,1.197856608094382,6,-0.11217195667640628,no_guarantee,,,,,5.551115123125783e-17,
7,2.8284271247461903,0.1,0.44795527966520177,1.3451515099971543,7,-0.1654835141880963,no_guarantee,,,,,5.551115123125783e-17,
8,2.8284271247461903,0.1,0.44795527966520177,1.480108360413667,8,-0.20150740350571128,no_guarantee,,,,,5.551115123125783e-17,
3,3.363585661014858,0.1,0.4610016961651922,0.6419635238463278,3,0.6394367686628732,finite,4.474936391476962,4.603176862263869,40103,4.010300e+4,5.551115123125783e-17,0.0
4,3.363585661014858,0.1,0.4610016961651922,0.8594082408984549,4,0.1379114544046708,finite,3.9777582663692277,19.77731637450431,,5.988477e+19,5.551115123125783e-17,0.0
5,3.363585661014858,0.1,0.4610016961651922,1.044672937700569,5,-0.03152566971171905,no_guarantee,,,,,5.551115123125783e-17,
6,3.363585661014858,0.1,0.4610016961651922,1.207931150448513,6,-0.11737582529097645,no_guarantee,,,,,5.551115123125783e-17,
7,3.363585661014858,0.1,0.4610016961651922,1.3550729418311198,7,-0.16958486320900418,no_guarantee,,,,,5.551115123125783e-17,
8,3.363585661014858,0.1,0.4610016961651922,1.4898302645158115,8,-0.20487184222231258,no_guarantee,,,,,5.551115123125783e-17,
3,4.0,0.1,0.47116142903354874,0.6488139785908381,3,0.6241231923691162,finite,4.631969428842723,4.825393658073357,66895,6.689500e+4,1.6653345369377348e-16,0.0
4,4.0,0.1,0.47116142903354874,0.8667258188279021,4,0.13019387726805745,finite,4.150537444304328,21.526016182957555,,3.357501e+21,1.6653345369377348e-16,0.0
5,4.0,0.1,0.47116142903354874,1.0520771652252192,5,-0.03662026191825466,no_guarantee,,,,,1.6653345369377348e-16,
6,4.0,0.1,0.47116142903354874,1.2152657070774822,6,-0.12113716244037563,no_guarantee,,,,,1.6653345369377348e-16,
7,4.0,0.1,0.47116142903354874,1.3622708293342267,7,-0.17254159392705554,no_guarantee,,,,,1.942890293094024e-16,
8,4.0,0.1,0.47116142903354874,1.496864080707855,8,-0.20729235985583477,no_guarantee,,,,,1.942890293094024e-16,
3,4.756828460010884,0.1,0.4789035296154932,0.653839736068875,3,0.6129910376238847,finite,4.793892264109831,5.027744982347407,106597,1.065970e+5,5.551115123125783e-17,0.0
4,4.756828460010884,0.1,0.4789035296154932,0.8720553951050439,4,0.1246138715235398,finite,4.3239943539114805,23.094434451793223,,1.242895e+23,5.551115123125783e-17,0.0
5,4.756828460010884,0.1,0.4789035296154932,1.0574437765514404,5,-0.04029047921552263,no_guarantee,,,,,1.1102230246251565e-16,
6,4.756828460010884,0.1,0.4789035296154932,1.2205634014741205,6,-0.12383985433264447,no_guarantee,,,,,1.1102230246251565e-16,
7,4.756828460010884,0.1,0.4789035296154932,1.3674562515263755,7,-0.17466198371251318,no_guarantee,,,,,1.1102230246251565e-16,
8,4.756828460010884,0.1,0.4789035296154932,1.5019209934819275,8,-0.20902555612775187,no_guarantee,,,,,1.1102230246251565e-16,
3,5.656854249492381,0.1,0.48469908240254195,0.657490915753924,3,0.6049571333908663,finite,4.959244629345259,5.213217498629286,163387,1.633870e+5,5.551115123125783e-17,0.0
4,5.656854249492381,0.1,0.48469908240254195,0.8759060913331023,4,0.12060341654054055,finite,4.49771851538012,24.48798232337734,,3.075972e+24,5.551115123125783e-17,0.0
5,5.656854249492381,0.1,0.48469908240254195,1.061307218650319,5,-0.04292116821437358,no_guarantee,,,,,5.551115123125783e-17,
6,5.656854249492381,0.1,0.48469908240254195,1.2243674333688266,6,-0.1257733076491247,no_guarantee,,,,,8.326672684688674e-17,
7,5.656854249492381,0.1,0.48469908240254195,1.371172510592692,7,-0.17617667236085,no_guarantee,,,,,8.326672684688674e-17,
8,5.656854249492381,0.1,0.48469908240254195,1.5055397435396163,8,-0.2102622609204028,no_guarantee,,,,,8.326672684688674e-17,
3,6.727171322029716,0.1,0.48897611557682674,0.6601239862676284,3,0.5991910740919375,finite,5.126988700546075,5.384965977031357,242642,2.426420e+5,5.551115123125783e-17,0.0
4,6.727171322029716,0.1,0.48897611557682674,0.8786717318316699,4,0.117733898277893,finite,4.671496731130793,25.725855483100936,,5.319312e+25,5.551115123125783e-17,4.618527782440651e-14
5,6.727171322029716,0.1,0.48897611557682674,1.0640746235847087,5,-0.044799665316373326,no_guarantee,,,,,5.551115123125783e-17,
6,6.727171322029716,0.1,0.48897611557682674,1.2270871567355162,6,-0.1271519665402172,no_guarantee,,,,,5.551115123125783e-17,
7,6.727171322029716,0.1,0.48897611557682674,1.3738257581552444,7,-0.17725558460465538,no_guarantee,,,,,1.3877787807814457e-16,
8,6.727171322029716,0.1,0.48897611557682674,1.508120572646793,8,-0.21114244248381145,no_guarantee,,,,,1.3877787807814457e-16,
3,8.0,0.1,0.4920976306872053,0.662012485013179,3,0.5950696695516197,finite,5.296397678419065,5.5458993821109805,351479,3.514790e+5,0.0,0.0
4,8.0,0.1,0.4920976306872053,0.8806493802246467,4,0.11568750221109124,finite,4.845232169155531,26.833128343804432,,6.809706e+26,0.0,0.0
5,8.0,0.1,0.4920976306872053,1.0660496919375233,5,-0.046137344114658536,no_guarantee,,,,,1.6653345369377348e-16,
6,8.0,0.1,0.4920976306872053,1.229025546404115,6,-0.1281326947180431,no_guarantee,,,,,1.6653345369377348e-16,
7,8.0,0.1,0.4920976306872053,1.375714854433165,7,-0.1780224944428711,no_guarantee,,,,,1.6653345369377348e-16,
8,8.0,0.1,0.4920976306872053,1.5099566708714862,8,-0.2117677200193897,no_guarantee,,,,,1.6653345369377348e-16,
3,9.513656920021768,0.1,0.49435658151714323,0.663361544377944,3,0.5921327145722602,finite,5.466966363169275,5.69850853851449,499469,4.994690e+5,1.1102230246251565e-16,0.0
4,9.513656920021768,0.1,0.49435658151714323,0.8820590529124372,4,0.1142316293888428,finite,5.018890899175564,27.83534332652145,,6.844525e+27,1.1102230246251565e-16,0.0
5,9.513656920021768,0.1,0.49435658151714323,1.0674555496807503,5,-0.04708799764404285,no_guarantee,,,,,1.1102230246251565e-16,
6,9.513656920021768,0.1,0.49435658151714323,1.230403939831305,6,-0.12882915223743555,no_guarantee,,,,,1.1102230246251565e-16,
7,9.513656920021768,0.1,0.49435658151714323,1.3770572177420386,7,-0.17856680924054832,no_guarantee,,,,,1.1102230246251565e-16,
8,9.513656920021768,0.1,0.49435658151714323,1.5112606431019033,8,-0.21221132214375074,no_guarantee,,,,,1.1102230246251565e-16,
3,11.313708498984761,0.1,0.49598096723041735,0.6643224547959509,3,0.5900444150405738,finite,5.638344400654499,5.844817519285213,699548,6.995480e+5,1.5265566588595902e-14,0.0
4,11.313708498984761,0.1,0.49598096723041735,0.8830615624065752,4,0.11319767900966851,finite,5.192469665078793,28.755544737942213,,5.695669e+28,1.5265566588595902e-14,0.0
5,11.313708498984761,0.1,0.49598096723041735,1.0684543378889457,5,-0.0477626267134977,no_guarantee,,,,,1.5265566588595902e-14,
6,11.313708498984761,0.1,0.49598096723041735,1.2313825262080909,6,-0.1293231267903019,no_guarantee,,,,,1.5265566588595902e-14,
7,11.313708498984761,0.1,0.49598096723041735,1.3780097286302877,7,-0.17895272107511806,no_guarantee,,,,,1.5265566588595902e-14,
8,11.313708498984761,0.1,0.49598096723041735,1.5121855420210106,8,-0.21252573424643934,no_guarantee,,,,,1.5265566588595902e-14,
3,13.454342644059432,0.1,0.49714357623143074,0.6650054616797147,3,0.5885619053925095,finite,5.810288614396965,5.986416094032148,969206,9.692060e+5,1.3322676295501878e-15,0.0
4,13.454342644059432,0.1,0.49714357623143074,0.883773335859622,4,0.11246429508894223,finite,5.365978024731946,29.613084255063715,,4.102837e+29,1.3322676295501878e-15,1.0658141036401503e-14
5,13.454342644059432,0.1,0.49714357623143074,1.0691629577481605,5,-0.04824087995195136,no_guarantee,,,,,1.3322676295501878e-15,
6,13.454342644059432,0.1,0.49714357623143074,1.232076464099148,6,-0.1296731775662469,no_guarantee,,,,,1.3322676295501878e-15,
7,13.454342644059432,0.1,0.49714357623143074,1.3786849251631057,7,-0.1792261168732296,no_guarantee,,,,,1.3322676295501878e-15,
8,13.454342644059432,0.1,0.49714357623143074,1.5128409785556491,8,-0.21274842832972035,no_guarantee,,,,,1.3322676295501878e-15,
3,16.0,0.1,0.4979728347214443,0.6654902088320642,3,0.587510654555362,finite,5.98262980597113,6.124524113240291,1332061,1.332061e+6,1.6653345369377348e-16,0.0
4,16.0,0.1,0.4979728347214443,0.884278093305705,4,0.11194457034308934,finite,5.539429278774642,30.423481534005305,,2.651438e+30,1.6653345369377348e-16,2.842170943040401e-14
5,16.0,0.1,0.4979728347214443,1.0696652203800923,5,-0.04857966912119899,no_guarantee,,,,,1.6653345369377348e-16,
6,16.0,0.1,0.4979728347214443,1.2325681441812006,6,-0.129921081880429,no_guarantee,,,,,1.6653345369377348e-16,
7,16.0,0.1,0.4979728347214443,1.379163200053184,7,-0.17941969555423137,no_guarantee,,,,,1.6653345369377348e-16,
8,16.0,0.1,0.4979728347214443,1.5133051623550182,8,-0.21290608316581477,no_guarantee,,,,,1.6653345369377348e-16,
3,19.027313840043536,0.1,0.4985628573155409,0.6658338774913549,3,0.5867658185134484,finite,6.15524990065553,6.260063274715672,1819966,1.819966e+6,1.1102230246251565e-16,0.0
4,19.027313840043536,0.1,0.4985628573155409,0.8846357436465464,4,0.11157649433250501,finite,5.712836344986843,31.198805101999067,,1.580539e+31,1.1102230246251565e-16,6.039613253960852e-14
5,19.027313840043536,0.1,0.4985628573155409,1.0700209728242855,5,-0.048819537141743835,no_guarantee,,,,,1.1102230246251565e-16,
6,19.027313840043536,0.1,0.4985628573155409,1.2329163124024853,6,-0.1300965679435011,no_guarantee,,,,,1.1102230246251565e-16,
7,19.027313840043536,0.1,0.4985628573155409,1.3795018123287404,7,-0.1795567061077923,no_guarantee,,,,,1.1102230246251565e-16,
8,19.027313840043536,0.1,0.4985628573155409,1.5136337510478963,8,-0.21301765541096787,no_guarantee,,,,,1.1102230246251565e-16,
3,22.627416997969522,0.1,0.49898191350728466,0.6660773405800454,3,0.5862383914750098,finite,6.328066264096012,6.393720294802729,2475827,2.475827e+6,0.0,0.0
4,22.627416997969522,0.1,0.49898191350728466,0.8848890085623529,4,0.11131593661791891,finite,5.886210206722878,31.9482431730253,,8.876529e+31,5.551115123125783e-17,3.197442310920451e-14
5,22.627416997969522,0.1,0.49898191350728466,1.0702728283418261,5,-0.048989303884821575,no_guarantee,,,,,5.551115123125783e-17,
6,22.627416997969522,0.1,0.49898191350728466,1.2331627541585495,6,-0.13022075120669235,no_guarantee,,,,,5.551115123125783e-17,
7,22.627416997969522,0.1,0.49898191350728466,1.3797414583041707,7,-0.17965365222867824,no_guarantee,,,,,5.551115123125783e-17,
8,22.627416997969522,0.1,0.49898191350728466,1.513866279318411,8,-0.21309659571934642,no_guarantee,,,,,5.551115123125783e-17,
3,26.908685288118864,0.1,0.49927916291519553,0.6662497221321924,3,0.5858650687094951,finite,6.501020921435695,6.526003603510127,3357404,3.357404e+6,2.7755575615628914e-16,0.0
4,26.908685288118864,0.1,0.49927916291519553,0.8850682783922388,4,0.11113154975946354,finite,6.059559589716898,32.6786884592035,,4.771868e+32,2.7755575615628914e-16,7.105427357601002e-15
5,26.908685288118864,0.1,0.49927916291519553,1.0704510677125707,5,-0.04910942449324404,no_guarantee,,,,,2.7755575615628914e-16,
6,26.908685288118864,0.1,0.49927916291519553,1.2333371398652238,6,-0.13030861006457245,no_guarantee,,,,,2.7755575615628914e-16,
7,26.908685288118864,0.1,0.49927916291519553,1.3799110192492348,7,-0.17972223605666177,no_guarantee,,,,,3.0531133177191805e-16,
8,26.908685288118864,0.1,0.49927916291519553,1.5140307922614644,8,-0.21315243838956807,no_guarantee,,,,,3.0531133177191805e-16,
3,32.0,0.1,0.4994898189411651,0.6663717281661765,3,0.5856009014163154,finite,6.674073116852422,6.657286809314943,4542415,4.542415e+6,4.996003610813204e-16,0.0
4,32.0,0.1,0.4994898189411651,0.8851951337356783,4,0.11100109605510247,finite,6.232891156494306,33.39525795068629,,2.484608e+33,4.996003610813204e-16,0.0
5,32.0,0.1,0.4994898189411651,1.0705771774178807,5,-0.04919440134821218,no_guarantee,,,,,4.996003610813204e-16,
6,32.0,0.1,0.4994898189411651,1.233460511803416,6,-0.13037075970636028,no_guarantee,,,,,4.996003610813204e-16,
7,32.0,0.1,0.4994898189411651,1.3800309698329138,7,-0.17977074844983473,no_guarantee,,,,,4.996003610813204e-16,
8,32.0,0.1,0.4994898189411651,1.5141471658408534,8,-0.21319193685392554,no_guarantee,,,,,4.996003610813204e-16,
